{"cameraMode":{"drawMode":0,"name":"Shaded","section":"Shading Mode"},"sceneLighting":true,"audioPlay":false,"sceneViewState":{"showFog":true,"showMaterialUpdate":false,"showSkybox":true,"showFlares":true,"showImageEffects":true,"showParticleSystems":true},"in2DMode":false,"pivot":{"x":0.05238766223192215,"y":2.181544780731201,"z":-5.762372970581055},"rotation":{"x":-0.0647578239440918,"y":0.014067147858440876,"z":-0.0009129997342824936,"w":-0.9978047609329224},"size":4.476498603820801,"orthographic":false}