{"cameraMode":{"drawMode":0,"name":"Shaded","section":"Shading Mode"},"sceneLighting":true,"audioPlay":false,"sceneViewState":{"showFog":true,"showMaterialUpdate":true,"showSkybox":true,"showFlares":true,"showImageEffects":true,"showParticleSystems":true},"in2DMode":false,"pivot":{"x":0.06806659698486328,"y":2.219529628753662,"z":1.902228832244873},"rotation":{"x":0.04148250073194504,"y":0.4548353850841522,"z":-0.020985567942261697,"w":0.8895072340965271},"size":1.3954602479934693,"orthographic":false}