{"cameraMode":{"drawMode":0,"name":"Shaded","section":"Shading Mode"},"sceneLighting":true,"audioPlay":false,"sceneViewState":{"showFog":true,"showMaterialUpdate":true,"showSkybox":true,"showFlares":true,"showImageEffects":true,"showParticleSystems":true},"in2DMode":false,"pivot":{"x":-0.8848156929016113,"y":3.2522432804107668,"z":4.837393760681152},"rotation":{"x":-0.03485053405165672,"y":-0.7342689037322998,"z":-0.03723542392253876,"w":0.6775651574134827},"size":8.434361457824707,"orthographic":false}