{"cameraMode":{"drawMode":0,"name":"Shaded","section":"Shading Mode"},"sceneLighting":true,"audioPlay":false,"sceneViewState":{"showFog":true,"showMaterialUpdate":true,"showSkybox":true,"showFlares":true,"showImageEffects":true,"showParticleSystems":true},"in2DMode":false,"pivot":{"x":13.364274024963379,"y":31.9324951171875,"z":-7.353519916534424},"rotation":{"x":0.357197105884552,"y":-0.4159504473209381,"z":0.18202267587184907,"w":0.8162506222724915},"size":4.1463236808776859,"orthographic":false}