{"cameraMode":{"drawMode":0,"name":"Shaded","section":"Shading Mode"},"sceneLighting":true,"audioPlay":false,"sceneViewState":{"showFog":true,"showMaterialUpdate":true,"showSkybox":true,"showFlares":true,"showImageEffects":true,"showParticleSystems":true},"in2DMode":false,"pivot":{"x":25.743623733520509,"y":2.172851324081421,"z":34.5552864074707},"rotation":{"x":0.00017782035865820944,"y":-0.9288473129272461,"z":0.0008971850038506091,"w":0.37055742740631106},"size":0.757377564907074,"orthographic":false}