{"cameraMode":{"drawMode":0,"name":"Shaded","section":"Shading Mode"},"sceneLighting":true,"audioPlay":false,"sceneViewState":{"showFog":true,"showMaterialUpdate":true,"showSkybox":true,"showFlares":true,"showImageEffects":true,"showParticleSystems":true},"in2DMode":false,"pivot":{"x":106.99534606933594,"y":1.2999602556228638,"z":88.75039672851563},"rotation":{"x":-0.002412961795926094,"y":0.9983888268470764,"z":-0.06274770200252533,"w":0.0192587710916996},"size":3.771282434463501,"orthographic":false}