{"cameraMode":{"drawMode":0,"name":"Shaded","section":"Shading Mode"},"sceneLighting":true,"audioPlay":false,"sceneViewState":{"showFog":true,"showMaterialUpdate":true,"showSkybox":true,"showFlares":true,"showImageEffects":true,"showParticleSystems":true},"in2DMode":false,"pivot":{"x":18.95426368713379,"y":1.8965295553207398,"z":14.807703018188477},"rotation":{"x":0.03324044868350029,"y":0.930630087852478,"z":0.08735747635364533,"w":-0.3539034128189087},"size":4.219792366027832,"orthographic":false}