{"cameraMode":{"drawMode":0,"name":"Shaded","section":"Shading Mode"},"sceneLighting":true,"audioPlay":false,"sceneViewState":{"showFog":true,"showMaterialUpdate":false,"showSkybox":true,"showFlares":true,"showImageEffects":true,"showParticleSystems":true},"in2DMode":false,"pivot":{"x":24.577415466308595,"y":3.356032371520996,"z":19.05519676208496},"rotation":{"x":-0.04718167334794998,"y":0.09056127816438675,"z":-0.004410244058817625,"w":-0.9948595762252808},"size":18.259363174438478,"orthographic":false}