{"cameraMode":{"drawMode":0,"name":"Shaded","section":"Shading Mode"},"sceneLighting":true,"audioPlay":false,"sceneViewState":{"showFog":true,"showMaterialUpdate":true,"showSkybox":true,"showFlares":true,"showImageEffects":true,"showParticleSystems":true},"in2DMode":false,"pivot":{"x":64.83246612548828,"y":20.484079360961915,"z":79.4331283569336},"rotation":{"x":0.25477078557014468,"y":-0.7181088328361511,"z":0.32744643092155459,"w":0.5587573647499085},"size":22.0,"orthographic":false}