{"cameraMode":{"drawMode":0,"name":"Shaded","section":"Shading Mode"},"sceneLighting":true,"audioPlay":false,"sceneViewState":{"showFog":true,"showMaterialUpdate":true,"showSkybox":true,"showFlares":true,"showImageEffects":true,"showParticleSystems":true},"in2DMode":false,"pivot":{"x":-16.510000228881837,"y":3.7909998893737795,"z":3.943999767303467},"rotation":{"x":-0.0009825392626225949,"y":0.999825119972229,"z":-0.02850162237882614,"w":-0.00029848923441022635},"size":71.29175567626953,"orthographic":false}