{"cameraMode":{"drawMode":0,"name":"Shaded","section":"Shading Mode"},"sceneLighting":true,"audioPlay":false,"sceneViewState":{"showFog":true,"showMaterialUpdate":true,"showSkybox":true,"showFlares":true,"showImageEffects":true,"showParticleSystems":true},"in2DMode":false,"pivot":{"x":-15.733551025390625,"y":2.553861618041992,"z":7.659698486328125},"rotation":{"x":-0.1111273393034935,"y":-0.525368332862854,"z":0.07057584822177887,"w":-0.8408544063568115},"size":1.4289418458938599,"orthographic":false}