{"cameraMode":{"drawMode":0,"name":"Shaded","section":"Shading Mode"},"sceneLighting":true,"audioPlay":false,"sceneViewState":{"showFog":true,"showMaterialUpdate":true,"showSkybox":true,"showFlares":true,"showImageEffects":true,"showParticleSystems":true},"in2DMode":false,"pivot":{"x":-17.436010360717775,"y":2.8023650646209719,"z":7.5845627784729},"rotation":{"x":-0.16777795553207398,"y":0.16471582651138307,"z":-0.028452329337596895,"w":-0.9715774655342102},"size":61.11075210571289,"orthographic":false}