{"cameraMode":{"drawMode":0,"name":"Shaded","section":"Shading Mode"},"sceneLighting":true,"audioPlay":false,"sceneViewState":{"showFog":true,"showMaterialUpdate":true,"showSkybox":true,"showFlares":true,"showImageEffects":true,"showParticleSystems":true},"in2DMode":false,"pivot":{"x":-98.24608612060547,"y":14.778310775756836,"z":-2.1201672554016115},"rotation":{"x":0.17356255650520326,"y":-0.29480403661727908,"z":-0.054936397820711139,"w":-0.9384633898735046},"size":20.064550399780275,"orthographic":false}