{"cameraMode":{"drawMode":0,"name":"Shaded","section":"Shading Mode"},"sceneLighting":true,"audioPlay":false,"sceneViewState":{"showFog":true,"showMaterialUpdate":true,"showSkybox":true,"showFlares":true,"showImageEffects":true,"showParticleSystems":true},"in2DMode":false,"pivot":{"x":-48.18240737915039,"y":1.4505393505096436,"z":-8.08701229095459},"rotation":{"x":-0.008041951805353165,"y":0.8045806884765625,"z":-0.010842017829418183,"w":-0.5938336849212647},"size":59.878028869628909,"orthographic":false}