{"cameraMode":{"drawMode":0,"name":"Shaded","section":"Shading Mode"},"sceneLighting":true,"audioPlay":false,"sceneViewState":{"showFog":true,"showMaterialUpdate":true,"showSkybox":true,"showFlares":true,"showImageEffects":true,"showParticleSystems":true},"in2DMode":false,"pivot":{"x":23.684226989746095,"y":2.266270875930786,"z":2.602032423019409},"rotation":{"x":0.012040721252560616,"y":-0.02529081702232361,"z":0.0012404097942635418,"w":-1.0000931024551392},"size":1.0433709621429444,"orthographic":false}