{"cameraMode":{"drawMode":0,"name":"Shaded","section":"Shading Mode"},"sceneLighting":true,"audioPlay":false,"sceneViewState":{"showFog":true,"showMaterialUpdate":true,"showSkybox":true,"showFlares":true,"showImageEffects":true,"showParticleSystems":true},"in2DMode":false,"pivot":{"x":23.172794342041017,"y":1.6622672080993653,"z":34.719608306884769},"rotation":{"x":0.42478126287460329,"y":0.5495823621749878,"z":-0.3835342824459076,"w":0.608639657497406},"size":6.482832431793213,"orthographic":false}