{"cameraMode":{"drawMode":0,"name":"Shaded","section":"Shading Mode"},"sceneLighting":true,"audioPlay":false,"sceneViewState":{"showFog":true,"showMaterialUpdate":true,"showSkybox":true,"showFlares":true,"showImageEffects":true,"showParticleSystems":true},"in2DMode":false,"pivot":{"x":4.083949089050293,"y":-42.75912857055664,"z":176.56698608398438},"rotation":{"x":0.3550204634666443,"y":0.1197068840265274,"z":-0.04601883515715599,"w":0.9263421893119812},"size":88.29946899414063,"orthographic":false}