{"cameraMode":{"drawMode":0,"name":"Shaded","section":"Shading Mode"},"sceneLighting":true,"audioPlay":false,"sceneViewState":{"showFog":true,"showMaterialUpdate":true,"showSkybox":true,"showFlares":true,"showImageEffects":true,"showParticleSystems":true},"in2DMode":false,"pivot":{"x":-44.42341613769531,"y":-7.559414863586426,"z":-5.317668914794922},"rotation":{"x":0.03510032221674919,"y":-0.9559110403060913,"z":0.1277862936258316,"w":0.26239368319511416},"size":30.352771759033204,"orthographic":false}