{"cameraMode":{"drawMode":0,"name":"Shaded","section":"Shading Mode"},"sceneLighting":true,"audioPlay":false,"sceneViewState":{"showFog":true,"showMaterialUpdate":true,"showSkybox":true,"showFlares":true,"showImageEffects":true,"showParticleSystems":true},"in2DMode":false,"pivot":{"x":-36.62661361694336,"y":-0.31989502906799319,"z":-6.007386207580566},"rotation":{"x":0.017299415543675424,"y":-0.8089852929115295,"z":0.023767666891217233,"w":0.5872446894645691},"size":64.78364562988281,"orthographic":false}