{"cameraMode":{"drawMode":0,"name":"Shaded","section":"Shading Mode"},"sceneLighting":true,"audioPlay":false,"sceneViewState":{"showFog":true,"showMaterialUpdate":true,"showSkybox":true,"showFlares":true,"showImageEffects":true,"showParticleSystems":true},"in2DMode":false,"pivot":{"x":2.4925901889801027,"y":2.477062225341797,"z":-9.711260795593262},"rotation":{"x":-0.03472640737891197,"y":-0.6056088805198669,"z":0.026204848662018777,"w":-0.7950544357299805},"size":4.167090892791748,"orthographic":false}