{"cameraMode":{"drawMode":0,"name":"Shaded","section":"Shading Mode"},"sceneLighting":true,"audioPlay":false,"sceneViewState":{"showFog":true,"showMaterialUpdate":true,"showSkybox":true,"showFlares":true,"showImageEffects":true,"showParticleSystems":true},"in2DMode":false,"pivot":{"x":-47.70559310913086,"y":2.3274879455566408,"z":-4.250812530517578},"rotation":{"x":-0.06698998808860779,"y":0.8220829367637634,"z":-0.09923141449689865,"w":-0.5568723082542419},"size":67.10205841064453,"orthographic":false}