{"cameraMode":{"drawMode":0,"name":"Shaded","section":"Shading Mode"},"sceneLighting":true,"audioPlay":false,"sceneViewState":{"showFog":true,"showMaterialUpdate":true,"showSkybox":true,"showFlares":true,"showImageEffects":true,"showParticleSystems":true},"in2DMode":false,"pivot":{"x":-43.18355178833008,"y":-6.649959087371826,"z":4.53527307510376},"rotation":{"x":0.04834737628698349,"y":-0.7488384246826172,"z":0.053325243294239047,"w":0.6595608592033386},"size":60.01556396484375,"orthographic":false}