{"cameraMode":{"drawMode":0,"name":"Shaded","section":"Shading Mode"},"sceneLighting":true,"audioPlay":false,"sceneViewState":{"showFog":true,"showMaterialUpdate":true,"showSkybox":true,"showFlares":true,"showImageEffects":true,"showParticleSystems":true},"in2DMode":false,"pivot":{"x":46.93147277832031,"y":3.8220021724700929,"z":76.32901000976563},"rotation":{"x":0.2220374047756195,"y":0.35923096537590029,"z":-0.0923812985420227,"w":0.9024544954299927},"size":5.248182773590088,"orthographic":false}