{"cameraMode":{"drawMode":0,"name":"Shaded","section":"Shading Mode"},"sceneLighting":true,"audioPlay":false,"sceneViewState":{"showFog":true,"showMaterialUpdate":true,"showSkybox":true,"showFlares":true,"showImageEffects":true,"showParticleSystems":true},"in2DMode":false,"pivot":{"x":4.809947967529297,"y":0.3693462610244751,"z":-26.74567985534668},"rotation":{"x":-0.004131433088332415,"y":0.9911226630210877,"z":-0.022149452939629556,"w":-0.1327713578939438},"size":26.573991775512697,"orthographic":false}