{"cameraMode":{"drawMode":0,"name":"Shaded","section":"Shading Mode"},"sceneLighting":true,"audioPlay":false,"sceneViewState":{"showFog":true,"showMaterialUpdate":true,"showSkybox":true,"showFlares":true,"showImageEffects":true,"showParticleSystems":true},"in2DMode":false,"pivot":{"x":27.022113800048829,"y":-1.6946165561676026,"z":53.102596282958987},"rotation":{"x":-0.21171441674232484,"y":-0.7505157589912415,"z":0.28175169229507449,"w":-0.5598167777061462},"size":13.94486141204834,"orthographic":false}