{"cameraMode":{"drawMode":0,"name":"Shaded","section":"Shading Mode"},"sceneLighting":true,"audioPlay":false,"sceneViewState":{"showFog":true,"showMaterialUpdate":true,"showSkybox":true,"showFlares":true,"showImageEffects":true,"showParticleSystems":true},"in2DMode":false,"pivot":{"x":-9.611479759216309,"y":2.3059945106506349,"z":2.0741586685180666},"rotation":{"x":-0.0023413070011883976,"y":0.9627516865730286,"z":0.007134120911359787,"w":0.2708733081817627},"size":2.800143241882324,"orthographic":false}