{"cameraMode":{"drawMode":0,"name":"Shaded","section":"Shading Mode"},"sceneLighting":true,"audioPlay":false,"sceneViewState":{"showFog":true,"showMaterialUpdate":true,"showSkybox":true,"showFlares":true,"showImageEffects":true,"showParticleSystems":true},"in2DMode":false,"pivot":{"x":25.6251277923584,"y":0.9989713430404663,"z":7.187961578369141},"rotation":{"x":-0.04905980825424194,"y":0.9314329624176025,"z":-0.13488197326660157,"w":-0.33491194248199465},"size":2.800143241882324,"orthographic":false}