{"cameraMode":{"drawMode":0,"name":"Shaded","section":"Shading Mode"},"sceneLighting":true,"audioPlay":false,"sceneViewState":{"showFog":true,"showMaterialUpdate":true,"showSkybox":true,"showFlares":true,"showImageEffects":true,"showParticleSystems":true},"in2DMode":false,"pivot":{"x":65.53296661376953,"y":20.099620819091798,"z":71.3702163696289},"rotation":{"x":-0.17489640414714814,"y":0.8106644153594971,"z":-0.30127400159835818,"w":-0.47067394852638247},"size":20.00518798828125,"orthographic":false}