{"cameraMode":{"drawMode":0,"name":"Shaded","section":"Shading Mode"},"sceneLighting":true,"audioPlay":false,"sceneViewState":{"showFog":true,"showMaterialUpdate":true,"showSkybox":true,"showFlares":true,"showImageEffects":true,"showParticleSystems":true},"in2DMode":false,"pivot":{"x":11.220131874084473,"y":20.48567008972168,"z":5.292798042297363},"rotation":{"x":0.35570505261421206,"y":-0.5211008191108704,"z":0.25269052386283877,"w":0.7335576415061951},"size":2.800143241882324,"orthographic":false}