{"cameraMode":{"drawMode":0,"name":"Shaded","section":"Shading Mode"},"sceneLighting":true,"audioPlay":false,"sceneViewState":{"showFog":true,"showMaterialUpdate":true,"showSkybox":true,"showFlares":true,"showImageEffects":true,"showParticleSystems":true},"in2DMode":false,"pivot":{"x":26.67621612548828,"y":3.0383427143096926,"z":3.8029327392578127},"rotation":{"x":0.005197579972445965,"y":-0.6868203282356262,"z":-0.0032391506247222425,"w":-0.7271180152893066},"size":24.18548011779785,"orthographic":false}