{"cameraMode":{"drawMode":0,"name":"Shaded","section":"Shading Mode"},"sceneLighting":true,"audioPlay":false,"sceneViewState":{"showFog":true,"showMaterialUpdate":true,"showSkybox":true,"showFlares":true,"showImageEffects":true,"showParticleSystems":true},"in2DMode":false,"pivot":{"x":40.33514404296875,"y":7.476673603057861,"z":0.1632002294063568},"rotation":{"x":0.1284286379814148,"y":-0.7891693115234375,"z":0.17529939115047456,"w":0.5748924612998962},"size":22.0,"orthographic":false}