{"cameraMode":{"drawMode":0,"name":"Shaded","section":"Shading Mode"},"sceneLighting":true,"audioPlay":false,"sceneViewState":{"showFog":true,"showMaterialUpdate":false,"showSkybox":true,"showFlares":true,"showImageEffects":true,"showParticleSystems":true},"in2DMode":false,"pivot":{"x":9.871599197387696,"y":-10.428150177001954,"z":1.3460583686828614},"rotation":{"x":0.26454269886016848,"y":0.5698694586753845,"z":-0.20059041678905488,"w":0.7517395615577698},"size":24.837373733520509,"orthographic":false}