{"cameraMode":{"drawMode":0,"name":"Shaded","section":"Shading Mode"},"sceneLighting":true,"audioPlay":false,"sceneViewState":{"showFog":true,"showMaterialUpdate":true,"showSkybox":true,"showFlares":true,"showImageEffects":true,"showParticleSystems":true},"in2DMode":false,"pivot":{"x":33.091854095458987,"y":2.435314416885376,"z":10.921479225158692},"rotation":{"x":-0.0199021864682436,"y":-0.7509766221046448,"z":-0.022456813603639604,"w":0.6602527499198914},"size":0.9547949433326721,"orthographic":false}