{"cameraMode":{"drawMode":0,"name":"Shaded","section":"Shading Mode"},"sceneLighting":true,"audioPlay":false,"sceneViewState":{"showFog":true,"showMaterialUpdate":true,"showSkybox":true,"showFlares":true,"showImageEffects":true,"showParticleSystems":true},"in2DMode":false,"pivot":{"x":-0.6914771795272827,"y":-1.1200753450393677,"z":16.53992462158203},"rotation":{"x":-0.05491843447089195,"y":0.6720376014709473,"z":-0.046135786920785907,"w":-0.7377803325653076},"size":23.757858276367189,"orthographic":false}