{"cameraMode":{"drawMode":0,"name":"Shaded","section":"Shading Mode"},"sceneLighting":true,"audioPlay":false,"sceneViewState":{"showFog":true,"showMaterialUpdate":true,"showSkybox":true,"showFlares":true,"showImageEffects":true,"showParticleSystems":true},"in2DMode":false,"pivot":{"x":38.162437438964847,"y":9.12592601776123,"z":-0.14247803390026093},"rotation":{"x":0.19820167124271394,"y":-0.30654844641685488,"z":0.06476444005966187,"w":0.9290122985839844},"size":2.8001441955566408,"orthographic":false}