{"cameraMode":{"drawMode":0,"name":"Shaded","section":"Shading Mode"},"sceneLighting":true,"audioPlay":false,"sceneViewState":{"showFog":true,"showMaterialUpdate":true,"showSkybox":true,"showFlares":true,"showImageEffects":true,"showParticleSystems":true},"in2DMode":false,"pivot":{"x":119.93090057373047,"y":4.744718551635742,"z":97.11155700683594},"rotation":{"x":-0.20461830496788026,"y":0.6805210709571838,"z":-0.201358363032341,"w":-0.6749438047409058},"size":3.771282434463501,"orthographic":false}