{"cameraMode":{"drawMode":0,"name":"Shaded","section":"Shading Mode"},"sceneLighting":true,"audioPlay":false,"sceneViewState":{"showFog":true,"showMaterialUpdate":true,"showSkybox":true,"showFlares":true,"showImageEffects":true,"showParticleSystems":true},"in2DMode":false,"pivot":{"x":-10.181800842285157,"y":3.24123477935791,"z":8.88648796081543},"rotation":{"x":-0.029898054897785188,"y":-0.8862186670303345,"z":0.057132475078105929,"w":-0.4596370458602905},"size":1.254794955253601,"orthographic":false}