{"cameraMode":{"drawMode":0,"name":"Shaded","section":"Shading Mode"},"sceneLighting":true,"audioPlay":false,"sceneViewState":{"showFog":true,"showMaterialUpdate":true,"showSkybox":true,"showFlares":true,"showImageEffects":true,"showParticleSystems":true},"in2DMode":false,"pivot":{"x":-12.985612869262696,"y":0.13005542755126954,"z":26.365833282470704},"rotation":{"x":-0.16061338782310487,"y":-0.6747676730155945,"z":0.15401187539100648,"w":-0.7037050127983093},"size":33.083824157714847,"orthographic":false}