{"cameraMode":{"drawMode":0,"name":"Shaded","section":"Shading Mode"},"sceneLighting":true,"audioPlay":false,"sceneViewState":{"showFog":true,"showMaterialUpdate":true,"showSkybox":true,"showFlares":true,"showImageEffects":true,"showParticleSystems":true},"in2DMode":false,"pivot":{"x":-17.009504318237306,"y":2.3475184440612795,"z":9.931598663330079},"rotation":{"x":0.007053616922348738,"y":0.7205752730369568,"z":-0.007785789202898741,"w":0.6935264468193054},"size":2.800143241882324,"orthographic":false}