{"cameraMode":{"drawMode":0,"name":"Shaded","section":"Shading Mode"},"sceneLighting":true,"audioPlay":false,"sceneViewState":{"showFog":true,"showMaterialUpdate":true,"showSkybox":true,"showFlares":true,"showImageEffects":true,"showParticleSystems":true},"in2DMode":false,"pivot":{"x":3.8453502655029299,"y":-0.8658719062805176,"z":54.24315643310547},"rotation":{"x":0.18221843242645265,"y":-0.626359224319458,"z":0.15400907397270204,"w":0.7421721816062927},"size":8.870731353759766,"orthographic":false}