{"cameraMode":{"drawMode":0,"name":"Shaded","section":"Shading Mode"},"sceneLighting":true,"audioPlay":false,"sceneViewState":{"showFog":true,"showMaterialUpdate":true,"showSkybox":true,"showFlares":true,"showImageEffects":true,"showParticleSystems":true},"in2DMode":false,"pivot":{"x":-8.92855453491211,"y":1.2376948595046998,"z":12.496423721313477},"rotation":{"x":-0.017298931255936624,"y":-0.8382447957992554,"z":0.02811531350016594,"w":-0.5447284579277039},"size":9.492134094238282,"orthographic":false}