{"cameraMode":{"drawMode":0,"name":"Shaded","section":"Shading Mode"},"sceneLighting":true,"audioPlay":false,"sceneViewState":{"showFog":true,"showMaterialUpdate":true,"showSkybox":true,"showFlares":true,"showImageEffects":true,"showParticleSystems":true},"in2DMode":false,"pivot":{"x":-77.98721313476563,"y":-154.4505157470703,"z":-167.9901885986328},"rotation":{"x":0.05936525762081146,"y":-0.9367476105690002,"z":0.28393998742103579,"w":0.1958511918783188},"size":295.96295166015627,"orthographic":false}