{"cameraMode":{"drawMode":0,"name":"Shaded","section":"Shading Mode"},"sceneLighting":true,"audioPlay":false,"sceneViewState":{"showFog":true,"showMaterialUpdate":true,"showSkybox":true,"showFlares":true,"showImageEffects":true,"showParticleSystems":true},"in2DMode":false,"pivot":{"x":45.323951721191409,"y":22.892925262451173,"z":26.445228576660158},"rotation":{"x":0.1897846907377243,"y":-0.646593451499939,"z":0.16814324259757996,"w":0.7203376293182373},"size":22.989999771118165,"orthographic":false}