{"cameraMode":{"drawMode":0,"name":"Shaded","section":"Shading Mode"},"sceneLighting":true,"audioPlay":false,"sceneViewState":{"showFog":true,"showMaterialUpdate":false,"showSkybox":true,"showFlares":true,"showImageEffects":true,"showParticleSystems":true},"in2DMode":false,"pivot":{"x":29.455711364746095,"y":-0.32117414474487307,"z":9.103967666625977},"rotation":{"x":-0.1251838058233261,"y":-0.8123011589050293,"z":0.18924938142299653,"w":-0.5373016595840454},"size":17.07561492919922,"orthographic":false}