{"cameraMode":{"drawMode":0,"name":"Shaded","section":"Shading Mode"},"sceneLighting":true,"audioPlay":false,"sceneViewState":{"showFog":true,"showMaterialUpdate":true,"showSkybox":true,"showFlares":true,"showImageEffects":true,"showParticleSystems":true},"in2DMode":false,"pivot":{"x":6.760000228881836,"y":1.0158601999282838,"z":12.130000114440918},"rotation":{"x":0.00008022979454835877,"y":-0.9865885972976685,"z":0.16580383479595185,"w":0.0031134127639234068},"size":3.500178575515747,"orthographic":false}