{"cameraMode":{"drawMode":0,"name":"Shaded","section":"Shading Mode"},"sceneLighting":true,"audioPlay":false,"sceneViewState":{"showFog":true,"showMaterialUpdate":false,"showSkybox":true,"showFlares":true,"showImageEffects":true,"showParticleSystems":true},"in2DMode":false,"pivot":{"x":24.66524887084961,"y":0.7169556617736816,"z":21.51874542236328},"rotation":{"x":-0.04982730746269226,"y":-0.4178113341331482,"z":0.022984107956290246,"w":-0.9068889617919922},"size":50.511512756347659,"orthographic":false}