{"cameraMode":{"drawMode":0,"name":"Shaded","section":"Shading Mode"},"sceneLighting":true,"audioPlay":false,"sceneViewState":{"showFog":true,"showMaterialUpdate":true,"showSkybox":true,"showFlares":true,"showImageEffects":true,"showParticleSystems":true},"in2DMode":false,"pivot":{"x":6.884756088256836,"y":0.9721919894218445,"z":4.115670204162598},"rotation":{"x":-0.0075960829854011539,"y":-0.7151041030883789,"z":0.007264466490596533,"w":-0.6994858384132385},"size":20.064550399780275,"orthographic":false}