{"cameraMode":{"drawMode":0,"name":"Shaded","section":"Shading Mode"},"sceneLighting":true,"audioPlay":false,"sceneViewState":{"showFog":true,"showMaterialUpdate":true,"showSkybox":true,"showFlares":true,"showImageEffects":true,"showParticleSystems":true},"in2DMode":false,"pivot":{"x":65.7870864868164,"y":2.485715389251709,"z":54.41118240356445},"rotation":{"x":-0.00031139637576416135,"y":0.9981749057769775,"z":-0.060272783041000369,"w":-0.005134150851517916},"size":1.7788703441619874,"orthographic":false}