{"cameraMode":{"drawMode":0,"name":"Shaded","section":"Shading Mode"},"sceneLighting":true,"audioPlay":false,"sceneViewState":{"showFog":true,"showMaterialUpdate":true,"showSkybox":true,"showFlares":true,"showImageEffects":true,"showParticleSystems":true},"in2DMode":false,"pivot":{"x":-17.83251953125,"y":0.9430770874023438,"z":12.862894058227539},"rotation":{"x":-0.030493099242448808,"y":-0.6326241493225098,"z":0.026702333241701127,"w":-0.7740267515182495},"size":6.216967582702637,"orthographic":false}