{"cameraMode":{"drawMode":0,"name":"Shaded","section":"Shading Mode"},"sceneLighting":true,"audioPlay":false,"sceneViewState":{"showFog":true,"showMaterialUpdate":true,"showSkybox":true,"showFlares":true,"showImageEffects":true,"showParticleSystems":true},"in2DMode":false,"pivot":{"x":11.431713104248047,"y":-3.5158238410949709,"z":46.80967330932617},"rotation":{"x":0.15763124823570252,"y":-0.3633759915828705,"z":0.06252507865428925,"w":0.916103720664978},"size":20.064550399780275,"orthographic":false}