{"cameraMode":{"drawMode":0,"name":"Shaded","section":"Shading Mode"},"sceneLighting":true,"audioPlay":false,"sceneViewState":{"showFog":true,"showMaterialUpdate":true,"showSkybox":true,"showFlares":true,"showImageEffects":true,"showParticleSystems":true},"in2DMode":false,"pivot":{"x":48.37537384033203,"y":0.8330683708190918,"z":78.9642105102539},"rotation":{"x":0.20246411859989167,"y":-0.7685850858688355,"z":0.2927262783050537,"w":0.531605064868927},"size":3.6582603454589845,"orthographic":false}