{"cameraMode":{"drawMode":0,"name":"Shaded","section":"Shading Mode"},"sceneLighting":true,"audioPlay":false,"sceneViewState":{"showFog":true,"showMaterialUpdate":false,"showSkybox":true,"showFlares":true,"showImageEffects":true,"showParticleSystems":true},"in2DMode":false,"pivot":{"x":-27.071632385253908,"y":37.28807830810547,"z":-7.170984268188477},"rotation":{"x":-0.30984243750572207,"y":-0.36564677953720095,"z":0.13056835532188416,"w":-0.867935061454773},"size":10.219830513000489,"orthographic":false}