{"cameraMode":{"drawMode":0,"name":"Shaded","section":"Shading Mode"},"sceneLighting":true,"audioPlay":false,"sceneViewState":{"showFog":true,"showMaterialUpdate":true,"showSkybox":true,"showFlares":true,"showImageEffects":true,"showParticleSystems":true},"in2DMode":false,"pivot":{"x":-0.8441911339759827,"y":3.4483108520507814,"z":4.672445774078369},"rotation":{"x":-0.04810202494263649,"y":-0.7453848719596863,"z":-0.05353209748864174,"w":0.6633764505386353},"size":2.6001789569854738,"orthographic":false}