{"cameraMode":{"drawMode":0,"name":"Shaded","section":"Shading Mode"},"sceneLighting":true,"audioPlay":false,"sceneViewState":{"showFog":true,"showMaterialUpdate":true,"showSkybox":true,"showFlares":true,"showImageEffects":true,"showParticleSystems":true},"in2DMode":false,"pivot":{"x":-19.486068725585939,"y":3.426194190979004,"z":-17.52713394165039},"rotation":{"x":-0.364837646484375,"y":0.46181726455688479,"z":-0.21631667017936707,"w":-0.7790364027023315},"size":2.50014328956604,"orthographic":false}