{"cameraMode":{"drawMode":0,"name":"Shaded","section":"Shading Mode"},"sceneLighting":true,"audioPlay":false,"sceneViewState":{"showFog":true,"showMaterialUpdate":true,"showSkybox":true,"showFlares":true,"showImageEffects":true,"showParticleSystems":true},"in2DMode":false,"pivot":{"x":45.98672103881836,"y":11.47535228729248,"z":16.243202209472658},"rotation":{"x":-0.03942802920937538,"y":0.674220085144043,"z":-0.03598107397556305,"w":-0.7367554903030396},"size":9.69748306274414,"orthographic":false}