{"cameraMode":{"drawMode":0,"name":"Shaded","section":"Shading Mode"},"sceneLighting":true,"audioPlay":false,"sceneViewState":{"showFog":true,"showMaterialUpdate":true,"showSkybox":true,"showFlares":true,"showImageEffects":true,"showParticleSystems":true},"in2DMode":false,"pivot":{"x":39.00721740722656,"y":8.87982177734375,"z":0.29040956497192385},"rotation":{"x":0.41228723526000979,"y":-0.0663038119673729,"z":0.029461614787578584,"w":0.9084433913230896},"size":2.8001441955566408,"orthographic":false}