{"cameraMode":{"drawMode":0,"name":"Shaded","section":"Shading Mode"},"sceneLighting":true,"audioPlay":false,"sceneViewState":{"showFog":true,"showMaterialUpdate":true,"showSkybox":true,"showFlares":true,"showImageEffects":true,"showParticleSystems":true},"in2DMode":false,"pivot":{"x":-15.01871109008789,"y":4.533063888549805,"z":54.89851760864258},"rotation":{"x":-0.006272155791521072,"y":-0.9943145513534546,"z":-0.09269868582487107,"w":0.06016635522246361},"size":12.001136779785157,"orthographic":false}