{"cameraMode":{"drawMode":0,"name":"Shaded","section":"Shading Mode"},"sceneLighting":true,"audioPlay":false,"sceneViewState":{"showFog":true,"showMaterialUpdate":true,"showSkybox":true,"showFlares":true,"showImageEffects":true,"showParticleSystems":true},"in2DMode":false,"pivot":{"x":22.282800674438478,"y":2.582395315170288,"z":52.44725036621094},"rotation":{"x":-0.07195351272821427,"y":0.500432014465332,"z":-0.04198240488767624,"w":-0.861799418926239},"size":0.757377564907074,"orthographic":false}