{"cameraMode":{"drawMode":0,"name":"Shaded","section":"Shading Mode"},"sceneLighting":true,"audioPlay":false,"sceneViewState":{"showFog":true,"showMaterialUpdate":false,"showSkybox":true,"showFlares":true,"showImageEffects":true,"showParticleSystems":true},"in2DMode":false,"pivot":{"x":-0.6372346878051758,"y":-2.134153366088867,"z":18.869091033935548},"rotation":{"x":0.2714884877204895,"y":-0.6466813683509827,"z":0.2653641998767853,"w":0.6615967750549316},"size":14.632665634155274,"orthographic":false}