{"cameraMode":{"drawMode":0,"name":"Shaded","section":"Shading Mode"},"sceneLighting":true,"audioPlay":false,"sceneViewState":{"showFog":true,"showMaterialUpdate":false,"showSkybox":true,"showFlares":true,"showImageEffects":true,"showParticleSystems":true},"in2DMode":false,"pivot":{"x":-3.5001840591430666,"y":1.8720169067382813,"z":1.1619848012924195},"rotation":{"x":-0.023350056260824205,"y":-0.6007162928581238,"z":0.02144136279821396,"w":-0.7988886833190918},"size":5.241659164428711,"orthographic":false}