{"cameraMode":{"drawMode":0,"name":"Shaded","section":"Shading Mode"},"sceneLighting":true,"audioPlay":false,"sceneViewState":{"showFog":true,"showMaterialUpdate":true,"showSkybox":true,"showFlares":true,"showImageEffects":true,"showParticleSystems":true},"in2DMode":false,"pivot":{"x":-35.81943893432617,"y":7.713441371917725,"z":-7.686372756958008},"rotation":{"x":-0.020797541365027429,"y":-0.7199158668518066,"z":-0.023708615452051164,"w":0.6936741471290588},"size":26.573991775512697,"orthographic":false}