{"cameraMode":{"drawMode":0,"name":"Shaded","section":"Shading Mode"},"sceneLighting":true,"audioPlay":false,"sceneViewState":{"showFog":true,"showMaterialUpdate":false,"showSkybox":true,"showFlares":true,"showImageEffects":true,"showParticleSystems":true},"in2DMode":false,"pivot":{"x":6.825409889221191,"y":-7.0004119873046879,"z":-11.753450393676758},"rotation":{"x":0.11565722525119782,"y":0.8651502132415772,"z":-0.23328261077404023,"w":0.42875176668167117},"size":25.867084503173829,"orthographic":false}