{"cameraMode":{"drawMode":0,"name":"Shaded","section":"Shading Mode"},"sceneLighting":true,"audioPlay":false,"sceneViewState":{"showFog":true,"showMaterialUpdate":true,"showSkybox":true,"showFlares":true,"showImageEffects":true,"showParticleSystems":true},"in2DMode":false,"pivot":{"x":-16.772789001464845,"y":4.763586044311523,"z":30.296451568603517},"rotation":{"x":-0.17543810606002809,"y":0.8240777850151062,"z":-0.33724328875541689,"w":-0.42152538895606997},"size":24.756168365478517,"orthographic":false}