{"cameraMode":{"drawMode":0,"name":"Shaded","section":"Shading Mode"},"sceneLighting":true,"audioPlay":false,"sceneViewState":{"showFog":true,"showMaterialUpdate":true,"showSkybox":true,"showFlares":true,"showImageEffects":true,"showParticleSystems":true},"in2DMode":false,"pivot":{"x":-10.161388397216797,"y":-0.11262045055627823,"z":26.882160186767579},"rotation":{"x":0.2416117638349533,"y":-0.21664348244667054,"z":0.055465083569288257,"w":0.9442843794822693},"size":61.11075210571289,"orthographic":false}