{"cameraMode":{"drawMode":0,"name":"Shaded","section":"Shading Mode"},"sceneLighting":true,"audioPlay":false,"sceneViewState":{"showFog":true,"showMaterialUpdate":true,"showSkybox":true,"showFlares":true,"showImageEffects":true,"showParticleSystems":true},"in2DMode":false,"pivot":{"x":-14.518060684204102,"y":1.4651281833648682,"z":12.185196876525879},"rotation":{"x":0.018291030079126359,"y":-0.8346620202064514,"z":-0.020292524248361589,"w":-0.55105060338974},"size":6.186625003814697,"orthographic":false}