{"cameraMode":{"drawMode":0,"name":"Shaded","section":"Shading Mode"},"sceneLighting":true,"audioPlay":false,"sceneViewState":{"showFog":true,"showMaterialUpdate":true,"showSkybox":true,"showFlares":true,"showImageEffects":true,"showParticleSystems":true},"in2DMode":false,"pivot":{"x":33.76637649536133,"y":-3.2402191162109377,"z":5.237955093383789},"rotation":{"x":0.044168662279844287,"y":-0.9208177328109741,"z":0.10966808348894119,"w":0.3717842102050781},"size":3.7466742992401125,"orthographic":false}