{"cameraMode":{"drawMode":0,"name":"Shaded","section":"Shading Mode"},"sceneLighting":true,"audioPlay":false,"sceneViewState":{"showFog":true,"showMaterialUpdate":true,"showSkybox":true,"showFlares":true,"showImageEffects":true,"showParticleSystems":true},"in2DMode":false,"pivot":{"x":1.5585886240005494,"y":2.212766408920288,"z":0.118232361972332},"rotation":{"x":-0.04355394095182419,"y":-0.4631326496601105,"z":-0.023539260029792787,"w":0.8854344487190247},"size":1.4289418458938599,"orthographic":false}