{"cameraMode":{"drawMode":0,"name":"Shaded","section":"Shading Mode"},"sceneLighting":true,"audioPlay":false,"sceneViewState":{"showFog":true,"showMaterialUpdate":false,"showSkybox":true,"showFlares":true,"showImageEffects":true,"showParticleSystems":true},"in2DMode":false,"pivot":{"x":0.9311621189117432,"y":0.7541947364807129,"z":-1.3914527893066407},"rotation":{"x":0.21320588886737824,"y":0.06944400072097779,"z":-0.015213190577924252,"w":0.974457859992981},"size":13.30039119720459,"orthographic":false}