{"cameraMode":{"drawMode":0,"name":"Shaded","section":"Shading Mode"},"sceneLighting":true,"audioPlay":false,"sceneViewState":{"showFog":true,"showMaterialUpdate":true,"showSkybox":true,"showFlares":true,"showImageEffects":true,"showParticleSystems":true},"in2DMode":false,"pivot":{"x":-5.545210838317871,"y":2.2952518463134767,"z":7.037445068359375},"rotation":{"x":0.011497249826788903,"y":0.988431453704834,"z":-0.1176692545413971,"w":0.09567596018314362},"size":5.8734564781188969,"orthographic":false}