{"cameraMode":{"drawMode":0,"name":"Shaded","section":"Shading Mode"},"sceneLighting":true,"audioPlay":false,"sceneViewState":{"showFog":true,"showMaterialUpdate":true,"showSkybox":true,"showFlares":true,"showImageEffects":true,"showParticleSystems":true},"in2DMode":false,"pivot":{"x":25.33575439453125,"y":-0.46435415744781496,"z":18.642229080200197},"rotation":{"x":-0.0015048017958179117,"y":0.9985138177871704,"z":-0.04136010631918907,"w":-0.03604893013834953},"size":21.010000228881837,"orthographic":false}