{"cameraMode":{"drawMode":0,"name":"Shaded","section":"Shading Mode"},"sceneLighting":true,"audioPlay":false,"sceneViewState":{"showFog":true,"showMaterialUpdate":false,"showSkybox":true,"showFlares":true,"showImageEffects":true,"showParticleSystems":true},"in2DMode":false,"pivot":{"x":21.64145278930664,"y":1.1109492778778077,"z":0.6433519124984741},"rotation":{"x":-0.06181396171450615,"y":0.8151057362556458,"z":-0.0829121544957161,"w":-0.5700773000717163},"size":1.1951873302459717,"orthographic":false}