{"cameraMode":{"drawMode":0,"name":"Shaded","section":"Shading Mode"},"sceneLighting":true,"audioPlay":false,"sceneViewState":{"showFog":true,"showMaterialUpdate":true,"showSkybox":true,"showFlares":true,"showImageEffects":true,"showParticleSystems":true},"in2DMode":false,"pivot":{"x":41.7053108215332,"y":1.0608168840408326,"z":33.3610725402832},"rotation":{"x":-0.07328098267316818,"y":0.9190120697021484,"z":-0.2048482447862625,"w":-0.3288048803806305},"size":1.2659995555877686,"orthographic":false}