{"cameraMode":{"drawMode":0,"name":"Shaded","section":"Shading Mode"},"sceneLighting":true,"audioPlay":false,"sceneViewState":{"showFog":true,"showMaterialUpdate":true,"showSkybox":true,"showFlares":true,"showImageEffects":true,"showParticleSystems":true},"in2DMode":false,"pivot":{"x":-13.477372169494629,"y":0.9296591281890869,"z":8.668603897094727},"rotation":{"x":0.03055390901863575,"y":0.8518471717834473,"z":-0.051618099212646487,"w":0.5207893252372742},"size":9.427287101745606,"orthographic":false}